1,Award Winning
1,Drama
1,Mystery
2,Action
2,Adventure
2,Award Winning
2,Drama
2,Fantasy
2,Horror
2,Supernatural
3,Award Winning
3,Drama
3,Mystery
3,Sci-Fi
4,Award Winning
4,Drama
4,Sci-Fi
4,Slice of Life
7,Award Winning
7,Sports
8,Comedy
8,Drama
8,Fantasy
8,Romance
8,Supernatural
9,Action
9,Adventure
9,Drama
9,Fantasy
10,Comedy
10,Drama
10,Mystery
10,Supernatural
11,Action
11,Adventure
11,Fantasy
12,Action
12,Adventure
12,Award Winning
12,Fantasy
13,Action
13,Adventure
13,Fantasy
14,Adventure
14,Comedy
14,Fantasy
15,Action
15,Adventure
15,Comedy
15,Fantasy
15,Romance
15,Supernatural
15,Ecchi
16,Award Winning
16,Comedy
16,Romance
16,Ecchi
17,Comedy
17,Drama
17,Romance
18,Award Winning
18,Comedy
18,Drama
18,Romance
18,Slice of Life
19,Action
19,Comedy
19,Drama
19,Mystery
19,Supernatural
19,Ecchi
20,Award Winning
20,Comedy
20,Drama
20,Supernatural
21,Supernatural
21,Suspense
22,Action
22,Drama
23,Action
23,Comedy
23,Romance
23,Ecchi
24,Action
24,Adventure
24,Fantasy
25,Action
25,Adventure
25,Award Winning
25,Drama
25,Fantasy
26,Action
26,Adventure
26,Fantasy
27,Action
27,Drama
27,Fantasy
27,Supernatural
28,Award Winning
28,Drama
28,Romance
29,Drama
29,Romance
30,Comedy
30,Drama
30,Romance
31,Award Winning
31,Comedy
31,Drama
31,Romance
32,Action
32,Adventure
32,Comedy
32,Drama
32,Fantasy
32,Supernatural
33,Comedy
33,Drama
33,Fantasy
33,Romance
34,Comedy
34,Fantasy
34,Sci-Fi
35,Comedy
35,Drama
35,Fantasy
35,Romance
36,Action
36,Drama
36,Romance
36,Supernatural
37,Comedy
37,Drama
37,Romance
38,Adventure
38,Fantasy
39,Action
39,Adventure
39,Supernatural
40,Action
40,Adventure
40,Comedy
40,Fantasy
41,Action
41,Comedy
41,Fantasy
41,Supernatural
42,Action
42,Adventure
42,Comedy
42,Sci-Fi
43,Sports
44,Action
44,Comedy
44,Sci-Fi
45,Comedy
45,Drama
45,Romance
45,Ecchi
46,Action
46,Mystery
47,Action
47,Comedy
48,Comedy
48,Romance
48,Ecchi
49,Sports
50,Action
50,Adventure
50,Comedy
50,Supernatural
51,Award Winning
51,Sports
52,Drama
52,Sports
53,Action
53,Award Winning
53,Comedy
53,Drama
53,Supernatural
54,Action
54,Adventure
54,Comedy
54,Drama
54,Fantasy
54,Mystery
54,Supernatural
55,Comedy
55,Drama
55,Romance
56,Comedy
56,Romance
57,Comedy
57,Drama
57,Romance
58,Comedy
58,Drama
58,Romance
58,Slice of Life
59,Action
59,Adventure
59,Comedy
59,Fantasy
60,Comedy
60,Romance
60,Ecchi
61,Boys Love
61,Drama
61,Erotica
62,Drama
62,Romance
63,Drama
63,Romance
64,Mystery
64,Supernatural
65,Drama
65,Romance
66,Comedy
67,Drama
67,Sci-Fi
68,Comedy
68,Drama
68,Romance
68,Ecchi
69,Romance
70,Action
70,Adventure
70,Fantasy
70,Ecchi
71,Comedy
71,Drama
71,Romance
71,Sci-Fi
72,Adventure
72,Comedy
72,Fantasy
72,Ecchi
73,Action
73,Drama
73,Romance
73,Supernatural
73,Ecchi
74,Action
74,Award Winning
74,Supernatural
74,Ecchi
75,Comedy
75,Drama
75,Romance
75,Ecchi
76,Award Winning
76,Comedy
76,Drama
76,Slice of Life
77,Comedy
77,Drama
77,Fantasy
77,Romance
77,Supernatural
78,Fantasy
78,Supernatural
79,Action
79,Adventure
79,Award Winning
79,Drama
79,Fantasy
79,Romance
79,Supernatural
80,Action
80,Comedy
80,Drama
80,Sci-Fi
81,Adventure
81,Comedy
81,Drama
81,Sci-Fi
81,Slice of Life
83,Award Winning
83,Drama
83,Fantasy
83,Mystery
83,Romance
83,Sci-Fi
83,Supernatural
84,Action
84,Adventure
84,Drama
84,Fantasy
84,Romance
85,Comedy
85,Slice of Life
86,Adventure
86,Fantasy
86,Romance
87,Mystery
87,Supernatural
88,Fantasy
88,Girls Love
89,Comedy
89,Drama
89,Romance
89,Slice of Life
90,Boys Love
90,Fantasy
90,Mystery
91,Comedy
91,Drama
91,Romance
92,Award Winning
92,Drama
92,Fantasy
92,Romance
93,Adventure
93,Drama
93,Sci-Fi
94,Comedy
94,Fantasy
94,Romance
94,Supernatural
95,Action
95,Comedy
95,Supernatural
96,Action
96,Adventure
96,Fantasy
96,Sci-Fi
96,Supernatural
97,Comedy
97,Romance
97,Sci-Fi
97,Ecchi
98,Comedy
98,Drama
98,Supernatural
99,Action
99,Adventure
99,Comedy
99,Drama
99,Horror
99,Supernatural
100,Comedy
100,Ecchi
101,Award Winning
101,Comedy
101,Romance
101,Supernatural
102,Award Winning
102,Drama
102,Romance
102,Supernatural
103,Comedy
103,Romance
103,Slice of Life
104,Award Winning
104,Comedy
104,Slice of Life
105,Action
105,Adventure
105,Award Winning
105,Supernatural
106,Adventure
106,Award Winning
106,Comedy
106,Fantasy
106,Romance
107,Comedy
107,Romance
107,Sci-Fi
107,Ecchi
108,Comedy
108,Mystery
108,Supernatural
109,Fantasy
109,Romance
109,Supernatural
110,Comedy
110,Romance
110,Sci-Fi
110,Ecchi
111,Action
111,Comedy
111,Romance
111,Sci-Fi
111,Ecchi
112,Action
112,Adventure
112,Fantasy
112,Romance
112,Supernatural
113,Drama
113,Fantasy
113,Romance
113,Sci-Fi
114,Action
114,Adventure
114,Fantasy
114,Romance
115,Action
115,Adventure
115,Fantasy
115,Romance
116,Action
116,Fantasy
116,Sci-Fi
117,Adventure
117,Comedy
117,Fantasy
117,Sci-Fi
118,Adventure
118,Fantasy
118,Romance
119,Adventure
119,Comedy
119,Fantasy
120,Comedy
120,Drama
120,Romance
121,Adventure
121,Romance
121,Slice of Life
122,Comedy
122,Sports
123,Drama
123,Supernatural
124,Sci-Fi
124,Slice of Life
125,Fantasy
126,Action
126,Adventure
126,Fantasy
126,Romance
127,Fantasy
127,Romance
127,Supernatural
128,Comedy
128,Fantasy
128,Horror
128,Mystery
128,Supernatural
129,Fantasy
129,Horror
129,Sci-Fi
130,Comedy
130,Mystery
131,Drama
131,Romance
132,Action
132,Adventure
132,Drama
132,Sci-Fi
133,Drama
133,Fantasy
133,Supernatural
134,Action
134,Comedy
134,Fantasy
135,Action
135,Adventure
135,Comedy
135,Fantasy
136,Action
136,Adventure
136,Comedy
136,Fantasy
136,Romance
137,Action
137,Comedy
137,Mystery
138,Adventure
138,Fantasy
139,Fantasy
139,Supernatural
140,Comedy
140,Fantasy
140,Ecchi
141,Action
141,Ecchi
142,Action
142,Suspense
143,Drama
144,Adventure
144,Comedy
144,Supernatural
144,Ecchi
145,Award Winning
145,Drama
145,Romance
146,Drama
146,Romance
147,Adventure
147,Drama
147,Fantasy
148,Comedy
148,Romance
149,Action
149,Drama
149,Horror
149,Sci-Fi
150,Action
150,Adventure
150,Comedy
150,Fantasy
150,Sci-Fi
151,Action
151,Fantasy
151,Horror
151,Supernatural
152,Comedy
152,Drama
152,Romance
153,Comedy
153,Drama
153,Romance
155,Adventure
155,Drama
155,Sci-Fi
156,Comedy
156,Drama
156,Romance
156,Supernatural
157,Comedy
157,Drama
157,Romance
158,Drama
158,Horror
158,Mystery
158,Romance
158,Supernatural
159,Action
159,Fantasy
160,Comedy
160,Romance
161,Action
161,Comedy
161,Sci-Fi
162,Action
162,Drama
162,Mystery
163,Drama
164,Comedy
164,Romance
165,Comedy
165,Romance
166,Action
166,Adventure
166,Comedy
166,Mystery
166,Supernatural
167,Action
167,Adventure
167,Drama
167,Fantasy
168,Action
168,Adventure
168,Fantasy
168,Sci-Fi
169,Comedy
170,Drama
170,Romance
171,Drama
172,Comedy
172,Fantasy
172,Sci-Fi
173,Action
173,Adventure
173,Sci-Fi
174,Action
174,Adventure
174,Sci-Fi
175,Comedy
175,Fantasy
176,Comedy
176,Romance
176,Slice of Life
176,Ecchi
177,Comedy
177,Drama
177,Romance
177,Supernatural
177,Ecchi
178,Boys Love
178,Drama
178,Romance
178,Erotica
179,Boys Love
179,Romance
179,Erotica
180,Boys Love
180,Erotica
181,Horror
182,Action
182,Horror
183,Comedy
183,Romance
184,Comedy
184,Drama
184,Romance
185,null
186,Fantasy
186,Romance
187,Drama
187,Fantasy
187,Romance
188,Drama
188,Fantasy
188,Romance
190,Action
190,Fantasy
190,Mystery
190,Romance
190,Supernatural
191,Action
191,Award Winning
191,Drama
191,Sci-Fi
192,Boys Love
192,Drama
192,Erotica
193,Comedy
193,Drama
193,Romance
194,Action
194,Supernatural
195,Drama
195,Sports
196,Action
196,Boys Love
196,Fantasy
197,Boys Love
197,Erotica
198,Boys Love
198,Erotica
199,Horror
199,Romance
199,Supernatural
200,Boys Love
200,Drama
200,Erotica
201,Action
201,Award Winning
201,Comedy
201,Drama
201,Sci-Fi
202,Boys Love
202,Fantasy
203,Boys Love
203,Drama
203,Romance
203,Erotica
204,Boys Love
204,Erotica
205,Boys Love
205,Erotica
206,Sci-Fi
207,Boys Love
207,Erotica
208,Boys Love
209,Award Winning
209,Comedy
209,Slice of Life
211,Boys Love
211,Drama
211,Romance
211,Erotica
212,Boys Love
212,Erotica
213,Boys Love
213,Fantasy
214,Action
214,Award Winning
214,Drama
214,Sci-Fi
215,Fantasy
216,Action
216,Drama
216,Sci-Fi
217,Boys Love
217,Erotica
218,Boys Love
218,Erotica
219,Adventure
219,Sci-Fi
219,Supernatural
220,Adventure
220,Fantasy
221,Action
221,Award Winning
221,Drama
221,Romance
222,Action
222,Mystery
222,Supernatural
223,Boys Love
223,Comedy
223,Supernatural
224,Boys Love
224,Comedy
224,Slice of Life
225,Boys Love
225,Comedy
225,Drama
225,Erotica
226,Boys Love
226,Erotica
227,Boys Love
227,Comedy
227,Erotica
228,Action
228,Drama
228,Sci-Fi
228,Supernatural
229,Action
229,Award Winning
229,Drama
229,Horror
230,Boys Love
230,Romance
233,Boys Love
233,Comedy
233,Romance
233,Erotica
234,Boys Love
234,Comedy
234,Drama
234,Romance
234,Erotica
235,Boys Love
235,Erotica
236,Boys Love
236,Erotica
237,Boys Love
237,Romance
238,Boys Love
239,Boys Love
239,Erotica
240,Boys Love
240,Sci-Fi
240,Slice of Life
240,Erotica
241,Boys Love
242,Boys Love
242,Erotica
243,Adventure
243,Mystery
244,Action
244,Adventure
244,Fantasy
244,Romance
244,Ecchi
245,Boys Love
245,Erotica
246,Boys Love
246,Comedy
247,Boys Love
247,Comedy
248,Comedy
248,Slice of Life
249,Comedy
249,Drama
249,Romance
250,Comedy
250,Slice of Life
251,Boys Love
251,Drama
251,Romance
251,Erotica
252,Adventure
252,Drama
252,Mystery
253,Action
254,Boys Love
254,Romance
254,Erotica
255,Boys Love
255,Erotica
256,Boys Love
256,Drama
256,Romance
256,Erotica
257,Boys Love
257,Drama
258,Drama
258,Mystery
258,Romance
259,Boys Love
259,Erotica
260,Boys Love
260,Drama
260,Erotica
261,Boys Love
261,Erotica
262,Drama
262,Romance
263,Boys Love
263,Drama
263,Romance
263,Erotica
264,Boys Love
264,Comedy
264,Erotica
265,Boys Love
265,Erotica
266,Boys Love
266,Romance
266,Erotica
267,Action
267,Horror
267,Supernatural
268,Drama
268,Romance
269,Comedy
269,Fantasy
269,Romance
270,Action
270,Adventure
270,Fantasy
271,Fantasy
271,Romance
272,Action
272,Sci-Fi
273,Drama
273,Fantasy
273,Romance
273,Sci-Fi
274,Action
274,Adventure
274,Comedy
274,Sci-Fi
275,Boys Love
276,Action
276,Drama
276,Horror
277,Action
277,Adventure
277,Boys Love
277,Comedy
277,Drama
277,Fantasy
278,Action
278,Adventure
278,Fantasy
278,Supernatural
279,Boys Love
279,Erotica
280,Boys Love
281,Boys Love
281,Drama
282,Boys Love
282,Erotica
283,Action
284,Boys Love
284,Drama
284,Erotica
285,Boys Love
285,Comedy
285,Erotica
286,Boys Love
286,Erotica
287,Action
287,Adventure
288,Boys Love
288,Erotica
289,Comedy
289,Fantasy
289,Supernatural
290,Boys Love
290,Erotica
291,Boys Love
291,Comedy
291,Drama
291,Romance
291,Erotica
292,Boys Love
292,Erotica
293,Boys Love
293,Erotica
294,Boys Love
294,Romance
295,Fantasy
295,Girls Love
296,Horror
296,Mystery
297,Horror
297,Supernatural
298,Drama
298,Sci-Fi
299,Drama
300,Supernatural
301,Action
301,Adventure
301,Fantasy
302,Comedy
302,Romance
302,Supernatural
303,Action
303,Adventure
303,Comedy
303,Drama
303,Fantasy
304,Award Winning
304,Comedy
304,Romance
304,Sci-Fi
305,null
306,Adventure
306,Comedy
306,Fantasy
307,Action
307,Comedy
307,Supernatural
308,Drama
308,Romance
309,Boys Love
309,Comedy
309,Romance
309,Supernatural
311,Action
311,Comedy
311,Drama
312,Action
312,Horror
312,Supernatural
312,Ecchi
314,Action
314,Boys Love
314,Comedy
314,Erotica
315,Drama
316,Drama
316,Romance
317,Comedy
317,Romance
318,Comedy
318,Romance
318,Slice of Life
318,Ecchi
319,Romance
320,Comedy
320,Drama
321,Adventure
321,Comedy
321,Drama
322,Fantasy
322,Horror
322,Mystery
322,Supernatural
323,Drama
324,Fantasy
324,Romance
325,Comedy
325,Fantasy
325,Ecchi
326,Action
326,Comedy
327,Action
327,Adventure
327,Comedy
328,Action
328,Adventure
328,Comedy
328,Ecchi
329,Comedy
329,Fantasy
329,Romance
330,Comedy
330,Drama
332,Boys Love
332,Comedy
332,Drama
333,Boys Love
333,Comedy
333,Drama
333,Romance
334,Boys Love
334,Comedy
335,Boys Love
335,Comedy
336,Action
336,Award Winning
336,Comedy
336,Drama
336,Ecchi
337,Adventure
338,Action
338,Adventure
338,Drama
338,Fantasy
338,Romance
338,Sci-Fi
338,Supernatural
339,Award Winning
339,Comedy
340,Action
340,Fantasy
340,Sci-Fi
341,Adventure
341,Comedy
341,Drama
341,Fantasy
342,Action
342,Sci-Fi
343,Action
343,Adventure
344,Drama
344,Sci-Fi
344,Supernatural
345,Action
345,Sci-Fi
346,Action
346,Adventure
346,Comedy
346,Fantasy
347,Comedy
347,Romance
347,Ecchi
348,Comedy
348,Drama
348,Slice of Life
349,Action
349,Sci-Fi
350,Comedy
351,Action
351,Drama
351,Romance
351,Sci-Fi
352,Action
352,Sci-Fi
353,Action
353,Drama
353,Sci-Fi
354,Comedy
354,Romance
355,Drama
355,Sports
356,Action
356,Adventure
356,Comedy
356,Drama
356,Fantasy
356,Romance
356,Supernatural
357,Action
357,Adventure
357,Drama
357,Fantasy
357,Mystery
357,Sci-Fi
358,Comedy
359,Action
359,Sci-Fi
360,Action
360,Sci-Fi
361,Action
361,Adventure
361,Mystery
361,Supernatural
362,Comedy
362,Romance
362,Supernatural
363,Action
363,Sci-Fi
364,Adventure
364,Fantasy
365,Comedy
365,Romance
366,Drama
366,Romance
366,Sci-Fi
367,Action
367,Comedy
367,Fantasy
367,Supernatural
367,Ecchi
368,Action
368,Adventure
368,Fantasy
368,Supernatural
369,Drama
369,Romance
369,Slice of Life
369,Supernatural
370,Drama
370,Romance
371,Comedy
371,Slice of Life
372,Action
372,Supernatural
372,Ecchi
373,Action
373,Adventure
373,Drama
373,Fantasy
373,Romance
374,Action
374,Fantasy
374,Supernatural
374,Ecchi
375,Action
375,Drama
376,Action
376,Drama
377,Action
377,Horror
377,Supernatural
378,Fantasy
378,Supernatural
379,Action
379,Drama
379,Mystery
380,Action
380,Comedy
380,Horror
380,Supernatural
380,Ecchi
381,Comedy
381,Romance
382,Action
382,Drama
382,Sci-Fi
383,Comedy
383,Horror
383,Mystery
384,Action
384,Supernatural
385,Action
385,Horror
385,Sci-Fi
385,Ecchi
386,Comedy
386,Supernatural
387,Comedy
387,Drama
387,Romance
387,Supernatural
388,Comedy
388,Mystery
388,Romance
388,Supernatural
389,Comedy
389,Romance
389,Supernatural
390,Award Winning
390,Comedy
390,Drama
390,Sci-Fi
391,Comedy
391,Romance
392,Award Winning
392,Comedy
392,Drama
392,Romance
393,Award Winning
393,Drama
393,Mystery
393,Supernatural
394,Action
394,Adventure
394,Fantasy
394,Mystery
394,Sci-Fi
395,Action
395,Drama
395,Sci-Fi
396,Adventure
396,Fantasy
397,Adventure
397,Fantasy
398,Adventure
398,Fantasy
399,Adventure
399,Drama
399,Fantasy
399,Mystery
399,Sci-Fi
400,Fantasy
401,Action
401,Award Winning
401,Horror
401,Sci-Fi
402,Fantasy
403,Action
405,Drama
405,Supernatural
406,Horror
406,Mystery
406,Romance
407,Award Winning
407,Drama
407,Slice of Life
408,Action
408,Drama
408,Romance
408,Sci-Fi
409,Award Winning
409,Comedy
409,Romance
409,Supernatural
410,Action
410,Comedy
410,Romance
411,Award Winning
411,Drama
411,Gourmet
411,Romance
412,Award Winning
412,Comedy
412,Romance
413,Comedy
413,Romance
413,Slice of Life
414,Comedy
416,Action
417,Fantasy
418,Award Winning
418,Fantasy
418,Mystery
418,Supernatural
419,Award Winning
419,Comedy
419,Romance
419,Slice of Life
420,Comedy
420,Romance
421,Comedy
421,Romance
421,Slice of Life
421,Ecchi
422,Drama
422,Romance
423,Comedy
423,Fantasy
423,Romance
424,Action
424,Comedy
424,Fantasy
424,Horror
424,Supernatural
425,Action
425,Romance
425,Supernatural
426,Action
426,Drama
427,Action
427,Sci-Fi
428,Romance
428,Supernatural
429,Award Winning
429,Comedy
429,Drama
429,Fantasy
429,Romance
430,Comedy
430,Drama
430,Romance
430,Sports
430,Ecchi
431,Romance
432,Action
433,Action
433,Comedy
434,Adventure
434,Boys Love
435,null
436,Drama
436,Horror
436,Supernatural
437,Action
437,Fantasy
437,Mystery
438,Action
438,Adventure
438,Comedy
438,Drama
438,Mystery
439,Adventure
439,Fantasy
439,Romance
440,Drama
440,Fantasy
440,Supernatural
441,Action
441,Drama
441,Sci-Fi
441,Ecchi
442,Action
443,Drama
443,Romance
444,Action
445,Action
445,Comedy
445,Drama
445,Romance
446,Award Winning
446,Comedy
446,Fantasy
446,Romance
447,Comedy
447,Romance
447,Ecchi
448,Fantasy
448,Romance
449,Fantasy
449,Romance
450,Romance
451,Drama
451,Fantasy
451,Horror
451,Mystery
451,Supernatural
452,Comedy
452,Fantasy
452,Ecchi
454,Sci-Fi
455,Horror
455,Mystery
455,Romance
455,Supernatural
456,Action
456,Supernatural
457,Comedy
457,Romance
457,Supernatural
457,Ecchi
458,Adventure
458,Drama
458,Fantasy
459,Comedy
459,Fantasy
459,Romance
459,Supernatural
460,Comedy
460,Romance
460,Slice of Life
461,Comedy
461,Romance
462,Fantasy
462,Horror
462,Mystery
462,Supernatural
463,Comedy
463,Drama
463,Romance
464,Action
464,Adventure
464,Drama
464,Fantasy
464,Mystery
464,Romance
464,Supernatural
465,Action
465,Sci-Fi
466,Drama
466,Romance
467,Supernatural
468,Drama
468,Romance
469,Comedy
470,Action
470,Adventure
470,Supernatural
471,Comedy
471,Romance
471,Supernatural
472,Action
472,Adventure
472,Fantasy
472,Mystery
473,Action
474,Action
475,Award Winning
475,Drama
475,Romance
476,Comedy
476,Drama
476,Romance
477,Action
477,Sci-Fi
478,Action
478,Adventure
478,Comedy
478,Fantasy
479,Action
479,Fantasy
479,Sci-Fi
480,Fantasy
480,Sci-Fi
481,Award Winning
481,Drama
481,Sci-Fi
481,Slice of Life
482,Comedy
482,Drama
482,Romance
482,Supernatural
483,Romance
483,Sports
484,Comedy
484,Drama
485,Comedy
485,Romance
486,Action
486,Fantasy
486,Horror
486,Supernatural
489,Drama
489,Romance
489,Supernatural
489,Ecchi
491,Action
491,Adventure
491,Fantasy
491,Horror
491,Supernatural
492,Drama
493,Comedy
493,Supernatural
495,Drama
495,Romance
495,Supernatural
496,Action
496,Comedy
496,Fantasy
497,Action
497,Adventure
497,Fantasy
497,Supernatural
499,Action
499,Mystery
499,Ecchi
500,Adventure
500,Drama
500,Fantasy
501,Comedy
501,Romance
501,Ecchi
502,Action
502,Drama
503,Action
503,Drama
504,Adventure
504,Fantasy
505,Drama
505,Fantasy
505,Supernatural
506,Action
506,Comedy
506,Drama
506,Romance
506,Sci-Fi
507,Adventure
507,Comedy
507,Fantasy
507,Romance
507,Supernatural
508,Adventure
508,Comedy
508,Fantasy
508,Romance
509,Action
509,Adventure
509,Drama
509,Fantasy
510,Action
510,Adventure
510,Comedy
510,Drama
510,Fantasy
511,Action
511,Romance
511,Supernatural
512,Action
512,Adventure
512,Comedy
513,Action
513,Adventure
513,Comedy
514,Action
514,Adventure
514,Drama
514,Fantasy
514,Romance
516,Adventure
516,Comedy
516,Drama
516,Fantasy
516,Romance
517,Action
517,Sci-Fi
518,Drama
518,Mystery
519,Sci-Fi
520,Horror
520,Supernatural
521,Action
521,Supernatural
523,Adventure
523,Fantasy
524,Action
524,Adventure
524,Fantasy
525,Supernatural
526,Drama
526,Supernatural
527,Drama
527,Sci-Fi
528,Action
528,Drama
528,Horror
528,Sci-Fi
529,Action
529,Suspense
530,Drama
530,Romance
530,Slice of Life
531,Drama
531,Fantasy
531,Supernatural
532,Action
532,Comedy
533,Drama
533,Romance
534,Drama
534,Mystery
534,Suspense
535,Action
535,Adventure
535,Sci-Fi
536,Action
536,Adventure
536,Fantasy
537,Romance
538,Drama
538,Romance
539,Romance
539,Slice of Life
540,Drama
540,Romance
540,Slice of Life
541,Drama
541,Sci-Fi
541,Supernatural
542,Comedy
542,Romance
543,Fantasy
543,Romance
543,Supernatural
544,Drama
544,Romance
545,Drama
545,Mystery
545,Supernatural
546,Action
546,Boys Love
546,Comedy
547,Action
547,Adventure
547,Fantasy
548,Romance
548,Slice of Life
549,Adventure
549,Fantasy
549,Romance
550,Drama
550,Romance
551,Boys Love
551,Comedy
551,Drama
551,Fantasy
551,Horror
551,Mystery
551,Romance
551,Supernatural
552,Comedy
552,Fantasy
553,Action
553,Adventure
553,Fantasy
554,Fantasy
554,Romance
554,Sci-Fi
555,Comedy
555,Romance
555,Sci-Fi
556,Action
556,Drama
556,Fantasy
556,Horror
556,Sci-Fi
557,Drama
557,Fantasy
557,Horror
557,Romance
557,Sci-Fi
557,Supernatural
558,Action
558,Supernatural
559,Drama
559,Romance
560,Romance
561,Comedy
561,Horror
562,Adventure
562,Comedy
563,Romance
564,Action
564,Drama
564,Horror
564,Sci-Fi
564,Supernatural
565,Action
565,Drama
565,Fantasy
565,Romance
566,Drama
566,Horror
569,Action
569,Adventure
569,Drama
569,Horror
569,Sci-Fi
571,Adventure
571,Comedy
571,Romance
572,Comedy
572,Drama
572,Romance
572,Supernatural
572,Ecchi
573,Action
573,Boys Love
573,Comedy
573,Drama
573,Mystery
574,Action
574,Drama
574,Mystery
574,Supernatural
575,Boys Love
575,Mystery
576,Drama
578,Adventure
578,Boys Love
578,Drama
578,Mystery
579,Comedy
579,Drama
579,Romance
579,Ecchi
580,Action
580,Adventure
580,Fantasy
581,Adventure
581,Fantasy
582,Comedy
582,Drama
582,Romance
582,Slice of Life
582,Ecchi
583,Action
583,Adventure
583,Fantasy
583,Horror
584,Action
584,Supernatural
584,Suspense
585,Drama
585,Romance
586,Drama
586,Fantasy
586,Supernatural
587,Comedy
587,Slice of Life
588,Action
588,Supernatural
589,Drama
589,Romance
591,Comedy
591,Romance
592,Action
592,Adventure
592,Fantasy
592,Mystery
592,Romance
593,Action
593,Sci-Fi
594,Action
594,Sci-Fi
595,Action
595,Adventure
595,Fantasy
596,Action
596,Adventure
596,Fantasy
597,Action
597,Comedy
597,Romance
597,Ecchi
598,Action
598,Adventure
598,Award Winning
598,Fantasy
599,Action
599,Sci-Fi
600,Action
600,Adventure
600,Drama
600,Fantasy
601,Romance
602,Boys Love
602,Drama
602,Romance
602,Erotica
604,Comedy
604,Romance
604,Slice of Life
604,Ecchi
605,Hentai
606,Drama
606,Romance
607,Comedy
607,Fantasy
607,Romance
607,Supernatural
608,Boys Love
608,Drama
608,Erotica
609,Comedy
609,Fantasy
609,Romance
610,Comedy
610,Drama
610,Romance
611,Action
611,Adventure
611,Fantasy
611,Supernatural
611,Ecchi
612,Boys Love
612,Erotica
613,Action
613,Drama
614,Action
614,Adventure
614,Fantasy
614,Ecchi
615,Comedy
615,Drama
615,Romance
615,Ecchi
616,Action
616,Comedy
617,Boys Love
617,Erotica
618,Drama
618,Mystery
618,Romance
618,Supernatural
619,Drama
619,Romance
619,Sports
621,Comedy
621,Sports
621,Ecchi
622,Drama
622,Horror
622,Supernatural
623,Adventure
623,Fantasy
623,Mystery
624,Romance
625,Drama
625,Romance
625,Slice of Life
626,null
627,Drama
627,Romance
628,Comedy
628,Romance
629,Romance
630,Comedy
630,Romance
630,Slice of Life
630,Ecchi
631,Comedy
631,Romance
632,Romance
632,Hentai
633,Comedy
633,Romance
634,Drama
634,Romance
634,Sports
635,Boys Love
635,Horror
635,Mystery
635,Supernatural
636,Drama
636,Horror
636,Romance
640,Drama
640,Romance
640,Sports
641,Adventure
641,Fantasy
642,Action
642,Adventure
642,Award Winning
642,Drama
643,Comedy
643,Sci-Fi
644,Comedy
645,Comedy
645,Romance
646,Comedy
646,Sci-Fi
647,Comedy
647,Drama
647,Romance
648,Action
648,Drama
649,Action
649,Drama
649,Sci-Fi
650,Boys Love
650,Erotica
651,Action
651,Adventure
651,Award Winning
651,Fantasy
651,Supernatural
652,null
653,Award Winning
653,Comedy
653,Drama
653,Fantasy
653,Gourmet
655,Drama
655,Fantasy
655,Mystery
655,Romance
655,Sci-Fi
656,Action
656,Adventure
656,Award Winning
657,Drama
657,Sports
658,Action
658,Adventure
658,Drama
658,Supernatural
659,Comedy
659,Fantasy
659,Mystery
659,Romance
659,Supernatural
660,Drama
660,Romance
661,Award Winning
661,Comedy
662,Action
662,Adventure
662,Award Winning
662,Drama
662,Fantasy
662,Supernatural
663,Comedy
663,Romance
663,Ecchi
664,Action
664,Award Winning
664,Sci-Fi
665,Comedy
665,Fantasy
665,Romance
666,Boys Love
666,Erotica
668,Award Winning
668,Sci-Fi
669,Action
669,Drama
669,Horror
669,Romance
669,Ecchi
670,Drama
670,Sci-Fi
671,Comedy
671,Romance
671,Sci-Fi
671,Supernatural
671,Ecchi
672,Action
672,Comedy
672,Sci-Fi
674,Mystery
674,Supernatural
675,Action
675,Adventure
675,Comedy
675,Sci-Fi
676,Adventure
676,Award Winning
676,Comedy
676,Drama
676,Fantasy
676,Romance
676,Supernatural
677,Drama
677,Fantasy
677,Mystery
677,Romance
678,Romance
679,Action
679,Adventure
679,Comedy
679,Sci-Fi
681,Adventure
681,Drama
681,Sci-Fi
682,Drama
682,Romance
682,Slice of Life
683,Comedy
683,Romance
683,Sci-Fi
684,Action
684,Drama
684,Mystery
684,Romance
686,Romance
688,Comedy
688,Drama
688,Romance
689,Action
689,Drama
689,Fantasy
689,Romance
691,Drama
691,Mystery
691,Supernatural
693,Adventure
693,Comedy
693,Fantasy
694,Adventure
694,Comedy
694,Fantasy
694,Romance
695,Action
695,Comedy
696,Action
696,Comedy
696,Romance
697,Adventure
697,Fantasy
698,Action
698,Drama
698,Mystery
698,Sci-Fi
698,Suspense
699,Action
699,Adventure
699,Fantasy
700,Action
700,Adventure
700,Comedy
703,Action
703,Adventure
703,Comedy
703,Drama
703,Sci-Fi
704,Action
704,Adventure
704,Award Winning
704,Comedy
704,Drama
704,Sci-Fi
705,Action
705,Horror
705,Romance
705,Supernatural
706,Action
706,Adventure
706,Comedy
706,Fantasy
707,Action
707,Comedy
707,Fantasy
707,Horror
707,Supernatural
708,Drama
708,Mystery
709,Action
709,Comedy
709,Drama
710,Drama
710,Horror
710,Mystery
710,Romance
710,Supernatural
714,Comedy
714,Romance
714,Slice of Life
714,Supernatural
715,Action
715,Fantasy
715,Romance
715,Supernatural
717,Action
717,Adventure
717,Comedy
717,Fantasy
719,Action
719,Adventure
719,Comedy
719,Fantasy
719,Ecchi
720,Comedy
720,Sports
722,Action
722,Adventure
722,Comedy
722,Fantasy
723,null
724,Action
724,Adventure
724,Fantasy
724,Supernatural
726,Action
726,Adventure
726,Fantasy
727,Action
727,Drama
728,Adventure
728,Sci-Fi
729,Romance
729,Slice of Life
730,Comedy
730,Romance
731,Action
731,Drama
731,Sci-Fi
731,Suspense
732,Drama
732,Mystery
732,Supernatural
733,Award Winning
733,Comedy
735,Action
735,Drama
736,Action
736,Adventure
736,Drama
736,Fantasy
736,Supernatural
737,Drama
737,Supernatural
738,Comedy
738,Slice of Life
739,Adventure
739,Drama
739,Romance
739,Supernatural
740,Mystery
741,Comedy
741,Drama
741,Romance
743,Award Winning
743,Drama
743,Mystery
743,Sci-Fi
744,Comedy
744,Romance
744,Slice of Life
745,Action
745,Award Winning
745,Mystery
745,Sci-Fi
745,Suspense
746,Horror
746,Mystery
746,Supernatural
747,Action
747,Horror
747,Mystery
747,Romance
747,Supernatural
748,Horror
748,Romance
748,Supernatural
749,Action
749,Fantasy
750,Comedy
750,Romance
750,Slice of Life
751,Action
751,Horror
751,Supernatural
752,Comedy
752,Romance
753,Boys Love
753,Romance
753,Sci-Fi
755,Drama
755,Romance
755,Sci-Fi
755,Supernatural
755,Ecchi
756,Action
756,Adventure
756,Drama
757,Action
757,Comedy
758,Adventure
758,Comedy
758,Fantasy
759,Comedy
759,Romance
759,Ecchi
760,Comedy
760,Romance
761,Action
761,Adventure
761,Comedy
761,Sci-Fi
762,Action
762,Comedy
762,Drama
762,Romance
763,Comedy
763,Romance
763,Supernatural
763,Ecchi
764,Action
764,Adventure
764,Fantasy
764,Sci-Fi
765,Boys Love
765,Comedy
765,Drama
765,Erotica
766,Comedy
766,Drama
766,Romance
767,Action
767,Boys Love
767,Comedy
767,Drama
767,Mystery
767,Erotica
768,Action
768,Sci-Fi
769,Action
769,Boys Love
769,Drama
769,Erotica
770,Action
770,Drama
770,Sci-Fi
771,Action
771,Adventure
771,Boys Love
771,Fantasy
771,Erotica
772,Fantasy
773,Drama
773,Romance
773,Sci-Fi
774,Action
774,Boys Love
774,Drama
774,Fantasy
774,Supernatural
775,Boys Love
775,Drama
775,Romance
775,Slice of Life
775,Erotica
776,Adventure
776,Award Winning
776,Drama
776,Fantasy
776,Sci-Fi
777,Action
777,Boys Love
777,Romance
777,Erotica
778,Comedy
778,Fantasy
778,Romance
778,Supernatural
779,Comedy
779,Drama
779,Girls Love
780,Adventure
780,Comedy
780,Romance
780,Supernatural
781,Boys Love
781,Drama
781,Erotica
782,Horror
782,Mystery
782,Romance
782,Supernatural
783,Action
783,Drama
783,Fantasy
783,Romance
783,Supernatural
784,Action
784,Adventure
784,Drama
784,Sci-Fi
784,Supernatural
785,Drama
785,Romance
786,Comedy
786,Horror
786,Romance
786,Supernatural
788,Comedy
788,Romance
789,Action
789,Comedy
789,Romance
790,Boys Love
790,Erotica
791,Boys Love
791,Erotica
792,Adventure
792,Comedy
793,Action
793,Comedy
794,Boys Love
794,Erotica
795,Boys Love
795,Erotica
796,Award Winning
796,Comedy
796,Sci-Fi
796,Slice of Life
797,Boys Love
797,Erotica
801,Boys Love
801,Drama
801,Erotica
802,Boys Love
802,Drama
803,Boys Love
803,Erotica
804,Boys Love
806,Boys Love
807,Boys Love
808,Boys Love
808,Comedy
808,Erotica
809,Boys Love
810,Boys Love
810,Erotica
811,Boys Love
811,Erotica
812,Boys Love
812,Erotica
813,Boys Love
813,Drama
813,Erotica
815,Comedy
815,Drama
815,Romance
815,Slice of Life
815,Ecchi
816,Boys Love
816,Erotica
817,Boys Love
817,Erotica
818,Comedy
818,Drama
818,Romance
818,Ecchi
820,Comedy
820,Drama
820,Romance
821,Action
821,Adventure
821,Fantasy
823,Mystery
823,Supernatural
824,Action
824,Adventure
824,Drama
824,Mystery
824,Romance
824,Supernatural
825,Boys Love
825,Slice of Life
825,Erotica
826,Mystery
826,Supernatural
827,Action
827,Drama
827,Fantasy
827,Horror
827,Supernatural
828,Comedy
828,Drama
828,Romance
829,Comedy
829,Drama
829,Romance
830,Drama
830,Romance
831,Drama
832,Drama
832,Romance
833,Comedy
833,Drama
833,Romance
834,Comedy
834,Drama
835,Drama
835,Romance
837,Boys Love
837,Fantasy
837,Romance
838,Action
838,Comedy
838,Romance
839,Action
839,Hentai
840,Comedy
840,Drama
840,Sports
841,Boys Love
841,Erotica
843,Comedy
843,Gourmet
843,Romance
844,Comedy
844,Romance
844,Sports
845,Drama
845,Sports
846,Drama
846,Mystery
847,Action
847,Adventure
847,Comedy
847,Fantasy
848,Adventure
848,Drama
848,Mystery
848,Slice of Life
850,Boys Love
850,Erotica
851,Drama
851,Slice of Life
852,Adventure
852,Sports
853,Award Winning
853,Comedy
853,Romance
853,Sports
854,Action
854,Adventure
854,Comedy
854,Drama
854,Fantasy
854,Romance
855,Comedy
855,Drama
855,Fantasy
855,Sci-Fi
856,null
857,Boys Love
857,Drama
857,Romance
857,Erotica
858,Action
858,Adventure
858,Comedy
858,Fantasy
859,Action
860,Drama
860,Romance
860,Supernatural
861,Adventure
861,Supernatural
862,Comedy
862,Romance
862,Ecchi
863,Comedy
863,Slice of Life
864,Fantasy
864,Sci-Fi
865,Boys Love
865,Erotica
866,Drama
866,Mystery
866,Romance
866,Supernatural
866,Ecchi
868,Adventure
868,Mystery
869,Action
869,Adventure
869,Award Winning
869,Comedy
869,Supernatural
870,Action
870,Drama
870,Sci-Fi
871,Action
871,Adventure
871,Fantasy
872,Action
872,Adventure
872,Supernatural
873,Action
873,Comedy
873,Romance
873,Supernatural
873,Ecchi
874,Comedy
874,Drama
874,Romance
874,Sci-Fi
876,Action
876,Comedy
876,Drama
876,Fantasy
876,Romance
876,Supernatural
877,Award Winning
877,Drama
877,Romance
878,Comedy
878,Romance
879,Comedy
879,Romance
880,Drama
881,Adventure
881,Comedy
882,Sports
884,Drama
884,Romance
885,Horror
885,Mystery
886,Drama
886,Romance
887,Drama
888,Adventure
888,Comedy
888,Fantasy
888,Romance
889,Sci-Fi
890,Sci-Fi
891,Boys Love
891,Drama
891,Horror
891,Supernatural
892,Boys Love
892,Drama
892,Romance
893,Action
893,Adventure
893,Comedy
893,Fantasy
893,Romance
893,Supernatural
893,Ecchi
894,Action
894,Comedy
894,Fantasy
894,Romance
894,Supernatural
894,Ecchi
895,Action
895,Romance
896,Adventure
898,Boys Love
898,Drama
898,Slice of Life
898,Erotica
899,Comedy
899,Drama
899,Romance
900,Comedy
900,Ecchi
901,Boys Love
901,Drama
901,Slice of Life
901,Erotica
902,Boys Love
902,Drama
902,Slice of Life
903,Boys Love
903,Drama
903,Slice of Life
904,Action
905,Boys Love
905,Comedy
905,Drama
906,Adventure
906,Comedy
906,Fantasy
907,Drama
907,Romance
907,Supernatural
908,Action
908,Fantasy
908,Supernatural
909,Drama
909,Horror
909,Mystery
909,Sci-Fi
910,Drama
910,Romance
910,Ecchi
912,Drama
912,Horror
912,Supernatural
913,Comedy
913,Romance
913,Ecchi
915,Comedy
915,Drama
915,Slice of Life
915,Sports
916,Boys Love
916,Erotica
917,Boys Love
917,Erotica
918,Boys Love
918,Comedy
918,Drama
918,Fantasy
918,Mystery
918,Supernatural
919,Comedy
919,Supernatural
920,Drama
920,Mystery
921,Comedy
921,Slice of Life
922,Adventure
922,Fantasy
922,Supernatural
923,Adventure
923,Award Winning
923,Fantasy
923,Romance
924,Comedy
924,Fantasy
924,Romance
924,Supernatural
925,Comedy
925,Sports
926,Comedy
926,Romance
927,Comedy
927,Sports
928,Action
928,Adventure
929,Adventure
929,Drama
929,Fantasy
929,Romance
930,Drama
930,Fantasy
930,Girls Love
930,Ecchi
931,Drama
931,Romance
932,Action
932,Drama
932,Horror
933,Action
933,Drama
933,Horror
933,Romance
933,Supernatural
934,Comedy
934,Romance
935,Action
935,Adventure
935,Fantasy
935,Sci-Fi
936,Drama
936,Horror
936,Mystery
936,Supernatural
937,Action
937,Comedy
937,Drama
937,Sci-Fi
938,Comedy
938,Drama
938,Romance
939,Comedy
939,Romance
940,Drama
940,Romance
940,Sports
941,Action
941,Drama
941,Supernatural
941,Ecchi
942,Romance
943,Comedy
943,Drama
943,Romance
944,Comedy
944,Gourmet
945,Boys Love
945,Drama
945,Romance
945,Erotica
946,Boys Love
946,Drama
946,Romance
946,Erotica
948,Action
949,Drama
949,Romance
950,Romance
950,Slice of Life
951,Drama
951,Slice of Life
952,Action
952,Fantasy
952,Horror
952,Supernatural
953,Adventure
953,Comedy
953,Fantasy
954,Adventure
954,Fantasy
955,Adventure
955,Fantasy
955,Mystery
955,Sci-Fi
956,Comedy
956,Fantasy
956,Romance
956,Supernatural
957,Comedy
958,Horror
958,Mystery
959,Drama
959,Mystery
959,Romance
959,Supernatural
960,Comedy
960,Romance
960,Supernatural
961,Adventure
961,Sci-Fi
962,Award Winning
962,Comedy
962,Romance
963,Action
963,Adventure
963,Drama
964,Horror
965,Horror
965,Supernatural
966,Drama
966,Romance
966,Ecchi
967,Sci-Fi
967,Supernatural
968,Action
968,Adventure
969,Drama
969,Fantasy
969,Girls Love
969,Romance
969,Supernatural
969,Erotica
970,Horror
970,Mystery
970,Sci-Fi
971,Boys Love
971,Drama
971,Romance
971,Erotica
972,Boys Love
972,Erotica
973,Comedy
973,Slice of Life
974,Adventure
974,Award Winning
974,Drama
974,Fantasy
974,Romance
975,Adventure
975,Drama
975,Fantasy
975,Horror
975,Romance
975,Supernatural
976,Supernatural
977,Drama
977,Horror
978,Comedy
978,Romance
978,Ecchi
982,Action
982,Drama
982,Supernatural
983,Comedy
983,Drama
983,Romance
984,Drama
984,Supernatural
985,Boys Love
985,Erotica
986,Boys Love
986,Erotica
987,Boys Love
987,Romance
987,Erotica
988,Action
988,Comedy
988,Drama
988,Ecchi
989,Boys Love
989,Romance
989,Erotica
990,Boys Love
990,Drama
990,Erotica
991,Boys Love
991,Comedy
991,Drama
991,Erotica
992,Boys Love
992,Romance
993,Boys Love
993,Romance
994,Award Winning
994,Comedy
994,Sports
995,Fantasy
995,Supernatural
997,Comedy
997,Romance
998,Comedy
998,Romance
998,Ecchi
1001,Action
1001,Sci-Fi
1001,Supernatural
1004,Romance
1005,Comedy
1005,Drama
1005,Romance
1006,Comedy
1006,Drama
1006,Romance
1007,Drama
1007,Romance
1008,Drama
1008,Romance
1009,Award Winning
1009,Comedy
1009,Drama
1009,Romance
1009,Slice of Life
1010,Action
1010,Sci-Fi
1010,Ecchi
1011,Boys Love
1011,Comedy
1012,Action
1012,Adventure
1012,Fantasy
1013,Award Winning
1013,Comedy
1013,Drama
1013,Romance
1013,Sports
1014,Comedy
1014,Drama
1014,Romance
1014,Sports
1015,Award Winning
1015,Comedy
1015,Drama
1015,Romance
1016,Action
1016,Drama
1016,Mystery
1016,Sci-Fi
1016,Supernatural
1017,Boys Love
1017,Drama
1017,Romance
1017,Erotica
1018,Comedy
1018,Romance
1019,Boys Love
1019,Romance
1019,Erotica
1020,Boys Love
1020,Romance
1020,Erotica
1021,Boys Love
1022,Action
1022,Boys Love
1022,Comedy
1022,Mystery
1023,Action
1023,Sci-Fi
1024,Action
1024,Comedy
1024,Sci-Fi
1025,Boys Love
1025,Drama
1025,Erotica
1026,Action
1026,Sci-Fi
1027,Drama
1027,Romance
1028,Action
1028,Sci-Fi
1029,Boys Love
1029,Romance
1029,Slice of Life
1029,Erotica
1030,Action
1030,Adventure
1030,Comedy
1031,Award Winning
1031,Drama
1031,Romance
1032,Adventure
1032,Award Winning
1032,Comedy
1032,Sci-Fi
1032,Slice of Life
1033,Boys Love
1033,Drama
1034,Boys Love
1034,Drama
1034,Romance
1034,Slice of Life
1035,Action
1035,Comedy
1035,Sci-Fi
1036,Action
1036,Drama
1036,Sci-Fi
1037,Action
1037,Adventure
1037,Drama
1037,Romance
1037,Sci-Fi
1038,Action
1038,Adventure
1038,Comedy
1038,Fantasy
1038,Sci-Fi
1039,Drama
1039,Romance
1041,Comedy
1041,Romance
1042,Comedy
1042,Romance
1043,Action
1043,Sci-Fi
1044,Comedy
1044,Supernatural
1045,Action
1045,Adventure
1046,Action
1046,Adventure
1047,Action
1047,Adventure
1048,Action
1048,Adventure
1048,Boys Love
1048,Comedy
1048,Drama
1048,Fantasy
1049,Action
1049,Drama
1049,Mystery
1050,Action
1051,Comedy
1051,Drama
1051,Romance
1052,Romance
1053,Action
1053,Adventure
1054,Action
1054,Adventure
1055,Action
1055,Adventure
1056,Action
1056,Adventure
1057,Action
1057,Adventure
1059,Sci-Fi
1060,Mystery
1060,Romance
1060,Supernatural
1061,Adventure
1061,Award Winning
1061,Comedy
1061,Mystery
1062,Action
1062,Adventure
1062,Sci-Fi
1062,Ecchi
1063,Action
1063,Adventure
1063,Supernatural
1065,Romance
1066,Comedy
1066,Romance
1067,null
1068,Fantasy
1068,Romance
1068,Supernatural
1069,Fantasy
1069,Girls Love
1069,Romance
1069,Ecchi
1071,Drama
1071,Mystery
1071,Romance
1071,Sci-Fi
1072,Action
1072,Award Winning
1072,Romance
1073,Romance
1075,Action
1075,Adventure
1075,Award Winning
1075,Drama
1075,Horror
1075,Mystery
1075,Romance
1075,Sci-Fi
1075,Suspense
1076,Action
1076,Adventure
1076,Drama
1077,Comedy
1077,Drama
1077,Romance
1078,Comedy
1079,Comedy
1079,Drama
1079,Romance
1080,Horror
1081,Adventure
1082,Action
1082,Mystery
1082,Sci-Fi
1082,Supernatural
1083,null
1085,Action
1085,Comedy
1085,Drama
1086,Adventure
1086,Comedy
1086,Fantasy
1086,Romance
1086,Sci-Fi
1086,Supernatural
1086,Ecchi
1087,Comedy
1087,Drama
1087,Romance
1087,Ecchi
1088,Comedy
1088,Romance
1088,Ecchi
1089,Comedy
1090,Action
1090,Boys Love
1090,Drama
1090,Sci-Fi
1091,Drama
1091,Romance
1092,Action
1092,Comedy
1092,Romance
1092,Slice of Life
1093,Boys Love
1093,Drama
1093,Romance
1093,Sports
1093,Erotica
1094,Comedy
1094,Romance
1094,Ecchi
1095,Drama
1096,Comedy
1096,Romance
1096,Ecchi
1097,Action
1097,Adventure
1097,Fantasy
1098,Romance
1098,Slice of Life
1099,Romance
1099,Sci-Fi
1100,Adventure
1100,Award Winning
1100,Comedy
1101,Action
1101,Drama
1101,Suspense
1102,Action
1102,Comedy
1102,Supernatural
1103,Boys Love
1103,Erotica
1104,Boys Love
1104,Comedy
1104,Romance
1104,Supernatural
1105,Action
1105,Sci-Fi
1107,Fantasy
1107,Mystery
1108,Comedy
1108,Fantasy
1108,Romance
1109,Boys Love
1110,Comedy
1110,Romance
1110,Slice of Life
1111,Drama
1111,Supernatural
1113,Comedy
1113,Fantasy
1113,Romance
1113,Supernatural
1114,Action
1114,Comedy
1114,Fantasy
1115,Action
1115,Sci-Fi
1116,Action
1116,Sci-Fi
1117,Action
1117,Sci-Fi
1118,Action
1118,Comedy
1118,Romance
1119,Boys Love
1119,Drama
1119,Romance
1119,Erotica
1121,Drama
1121,Romance
1121,Ecchi
1122,Award Winning
1122,Romance
1125,Boys Love
1125,Drama
1125,Erotica
1126,Comedy
1126,Drama
1126,Romance
1129,Boys Love
1129,Romance
1131,Action
1131,Drama
1132,Action
1132,Drama
1133,Action
1133,Comedy
1133,Fantasy
1133,Horror
1135,null
1136,Boys Love
1136,Comedy
1136,Erotica
1137,Boys Love
1137,Romance
1137,Erotica
1138,Boys Love
1138,Fantasy
1138,Supernatural
1138,Erotica
1139,Action
1139,Sci-Fi
1140,Action
1140,Slice of Life
1142,Drama
1142,Romance
1142,Erotica
1143,Comedy
1143,Ecchi
1144,Romance
1145,null
1146,Fantasy
1146,Romance
1147,Comedy
1147,Romance
1147,Ecchi
1148,Action
1149,Action
1149,Drama
1149,Sci-Fi
1150,Action
1150,Adventure
1150,Boys Love
1150,Drama
1150,Fantasy
1150,Romance
1150,Erotica
1151,Action
1151,Adventure
1151,Boys Love
1151,Drama
1151,Fantasy
1151,Romance
1151,Erotica
1152,Action
1152,Adventure
1152,Boys Love
1152,Drama
1152,Fantasy
1152,Romance
1152,Erotica
1153,Drama
1153,Horror
1153,Sci-Fi
1153,Supernatural
1154,Comedy
1154,Romance
1154,Ecchi
1155,Drama
1155,Romance
1155,Slice of Life
1156,Comedy
1156,Slice of Life
1157,Boys Love
1158,Romance
1158,Slice of Life
1159,Comedy
1159,Sci-Fi
1160,Action
1160,Drama
1160,Fantasy
1161,Comedy
1161,Drama
1161,Horror
1161,Mystery
1161,Supernatural
1162,Drama
1162,Romance
1163,Drama
1163,Romance
1164,Comedy
1164,Drama
1164,Slice of Life
1165,Adventure
1165,Comedy
1165,Drama
1165,Fantasy
1165,Romance
1166,Fantasy
1166,Romance
1167,Boys Love
1167,Drama
1167,Romance
1167,Erotica
1168,Boys Love
1168,Romance
1168,Erotica
1169,Drama
1169,Romance
1170,Adventure
1170,Boys Love
1171,Comedy
1171,Drama
1171,Romance
1172,Boys Love
1172,Erotica
1173,Boys Love
1173,Fantasy
1173,Erotica
1174,Boys Love
1174,Fantasy
1174,Erotica
1175,Action
1175,Adventure
1175,Fantasy
1178,Comedy
1179,Ecchi
1181,Boys Love
1181,Erotica
1182,Romance
1182,Ecchi
1183,Award Winning
1183,Comedy
1183,Drama
1183,Romance
1183,Sports
1184,Comedy
1184,Drama
1184,Romance
1184,Sports
1185,Action
1185,Comedy
1185,Drama
1185,Romance
1185,Sports
1186,Comedy
1186,Drama
1186,Romance
1186,Slice of Life
1187,Boys Love
1187,Erotica
1188,Drama
1189,Comedy
1189,Romance
1189,Slice of Life
1190,Drama
1190,Romance
1190,Ecchi
1191,Adventure
1191,Romance
1192,Fantasy
1193,Comedy
1193,Sci-Fi
1194,Drama
1194,Romance
1194,Sci-Fi
1194,Ecchi
1195,Drama
1195,Mystery
1196,Boys Love
1196,Drama
1196,Romance
1196,Erotica
1197,Adventure
1197,Fantasy
1198,Boys Love
1198,Comedy
1198,Romance
1198,Erotica
1199,Boys Love
1199,Comedy
1199,Romance
1199,Erotica
1200,Boys Love
1200,Erotica
1201,Boys Love
1201,Romance
1201,Erotica
1202,Romance
1203,Comedy
1203,Drama
1203,Romance
1203,Sports
1204,Comedy
1204,Drama
1204,Sports
1204,Supernatural
1205,Boys Love
1205,Drama
1205,Erotica
1207,Adventure
1207,Award Winning
1207,Drama
1207,Sci-Fi
1208,Adventure
1208,Boys Love
1208,Fantasy
1211,Drama
1211,Horror
1212,Action
1212,Adventure
1212,Fantasy
1213,Action
1213,Boys Love
1213,Comedy
1213,Drama
1213,Erotica
1214,null
1215,Award Winning
1215,Horror
1215,Supernatural
1216,Romance
1217,Comedy
1217,Sports
1218,Action
1218,Drama
1219,Action
1219,Adventure
1219,Fantasy
1219,Horror
1219,Mystery
1219,Sci-Fi
1219,Supernatural
1221,Sci-Fi
1221,Sports
1222,Comedy
1223,Drama
1223,Horror
1223,Mystery
1223,Supernatural
1224,Award Winning
1224,Drama
1224,Slice of Life
1225,Drama
1225,Mystery
1226,Drama
1226,Romance
1227,Drama
1227,Girls Love
1227,Romance
1228,Romance
1229,Comedy
1229,Ecchi
1230,Action
1230,Fantasy
1230,Horror
1230,Supernatural
1231,Action
1231,Drama
1231,Fantasy
1232,Romance
1234,Romance
1235,Comedy
1235,Romance
1236,Action
1236,Fantasy
1237,Fantasy
1237,Romance
1237,Supernatural
1238,Comedy
1238,Sci-Fi
1238,Ecchi
1239,Drama
1239,Sci-Fi
1240,Comedy
1240,Romance
1241,Adventure
1241,Comedy
1241,Fantasy
1242,Romance
1242,Slice of Life
1243,Sports
1244,Comedy
1244,Romance
1244,Ecchi
1245,Slice of Life
1248,Drama
1248,Fantasy
1248,Romance
1249,Drama
1250,Drama
1252,Romance
1253,Comedy
1253,Sci-Fi
1254,Action
1254,Adventure
1254,Comedy
1254,Drama
1254,Romance
1254,Ecchi
1255,Action
1255,Adventure
1255,Fantasy
1256,Drama
1256,Horror
1256,Romance
1256,Sci-Fi
1257,Drama
1257,Horror
1257,Mystery
1258,Drama
1258,Horror
1258,Mystery
1259,Adventure
1259,Drama
1259,Fantasy
1259,Romance
1259,Supernatural
1260,Drama
1260,Horror
1260,Mystery
1260,Supernatural
1261,Drama
1261,Horror
1261,Mystery
1262,Drama
1262,Horror
1262,Mystery
1263,Drama
1263,Horror
1263,Mystery
1264,Drama
1264,Horror
1264,Mystery
1265,Drama
1265,Horror
1265,Mystery
1266,Comedy
1266,Drama
1266,Horror
1266,Mystery
1267,Drama
1267,Mystery
1267,Supernatural
1268,Drama
1268,Fantasy
1268,Romance
1269,Comedy
1269,Drama
1269,Romance
1270,Romance
1270,Slice of Life
1271,Comedy
1271,Romance
1272,Romance
1273,Drama
1273,Slice of Life
1274,Action
1274,Adventure
1274,Drama
1274,Fantasy
1274,Supernatural
1275,Drama
1276,Comedy
1276,Romance
1276,Supernatural
1276,Ecchi
1277,Drama
1277,Supernatural
1277,Hentai
1281,Romance
1281,Hentai
1282,Comedy
1282,Romance
1282,Supernatural
1282,Ecchi
1285,Drama
1285,Fantasy
1285,Slice of Life
1285,Supernatural
1288,Drama
1288,Romance
1289,Comedy
1291,Romance
1292,Action
1292,Comedy
1293,Drama
1293,Slice of Life
1293,Sports
1294,Sports
1296,Action
1297,Award Winning
1297,Drama
1298,Action
1298,Adventure
1298,Award Winning
1298,Drama
1298,Mystery
1299,Action
1299,Fantasy
1299,Supernatural
1300,Comedy
1300,Drama
1300,Romance
1302,Comedy
1302,Romance
1302,Sports
1302,Ecchi
1303,Drama
1303,Slice of Life
1303,Sports
1304,Comedy
1304,Romance
1305,Adventure
1305,Fantasy
1306,Adventure
1306,Fantasy
1309,Drama
1309,Romance
1310,Comedy
1310,Romance
1311,Comedy
1311,Romance
1313,Drama
1313,Mystery
1313,Romance
1314,Comedy
1314,Romance
1314,Supernatural
1315,Horror
1315,Mystery
1316,Boys Love
1316,Fantasy
1316,Romance
1316,Erotica
1317,Fantasy
1318,Adventure
1318,Fantasy
1319,Action
1319,Adventure
1319,Drama
1320,Action
1320,Adventure
1321,Drama
1321,Romance
1322,Action
1322,Drama
1322,Fantasy
1322,Supernatural
1323,Comedy
1323,Romance
1324,Drama
1324,Girls Love
1324,Sci-Fi
1324,Ecchi
1324,Erotica
1325,Drama
1325,Fantasy
1325,Romance
1325,Sci-Fi
1325,Supernatural
1326,Romance
1329,Comedy
1329,Romance
1331,Drama
1331,Romance
1332,Drama
1332,Romance
1333,Action
1333,Drama
1333,Romance
1333,Ecchi
1334,Drama
1334,Romance
1334,Slice of Life
1337,Drama
1337,Romance
1337,Slice of Life
1337,Ecchi
1339,Drama
1339,Romance
1340,Boys Love
1340,Comedy
1340,Romance
1340,Erotica
1341,Romance
1342,Action
1342,Fantasy
1342,Mystery
1343,Award Winning
1343,Comedy
1343,Drama
1343,Mystery
1343,Slice of Life
1344,Drama
1345,Comedy
1345,Drama
1345,Sci-Fi
1345,Supernatural
1347,Drama
1347,Horror
1347,Supernatural
1347,Ecchi
1348,Action
1348,Adventure
1348,Fantasy
1348,Supernatural
1349,Action
1349,Fantasy
1350,Action
1350,Drama
1350,Mystery
1350,Sci-Fi
1351,Action
1351,Drama
1351,Mystery
1354,Action
1354,Fantasy
1355,Adventure
1355,Drama
1355,Fantasy
1355,Sci-Fi
1356,Fantasy
1356,Horror
1356,Romance
1357,Adventure
1357,Comedy
1357,Fantasy
1358,Adventure
1358,Drama
1358,Fantasy
1358,Romance
1359,Adventure
1359,Comedy
1359,Drama
1359,Fantasy
1359,Sci-Fi
1360,Drama
1360,Fantasy
1360,Horror
1360,Sci-Fi
1361,Slice of Life
1362,Comedy
1362,Slice of Life
1363,Drama
1363,Girls Love
1363,Slice of Life
1364,Boys Love
1364,Drama
1364,Erotica
1365,Award Winning
1365,Boys Love
1365,Drama
1366,null
1367,Drama
1368,Adventure
1368,Comedy
1369,Drama
1369,Romance
1371,Action
1371,Sci-Fi
1371,Ecchi
1372,Fantasy
1373,Drama
1375,Action
1375,Horror
1375,Supernatural
1375,Ecchi
1376,Action
1376,Drama
1376,Mystery
1376,Sci-Fi
1377,Boys Love
1377,Erotica
1379,Boys Love
1379,Drama
1379,Romance
1379,Erotica
1380,Boys Love
1380,Romance
1382,Boys Love
1382,Romance
1382,Erotica
1383,Boys Love
1383,Drama
1383,Romance
1383,Erotica
1384,Boys Love
1384,Comedy
1384,Romance
1384,Erotica
1385,Action
1385,Adventure
1385,Sci-Fi
1386,Comedy
1386,Romance
1386,Supernatural
1387,Romance
1387,Slice of Life
1388,Award Winning
1388,Drama
1388,Romance
1389,Action
1389,Horror
1389,Supernatural
1389,Ecchi
1391,Comedy
1391,Drama
1391,Romance
1391,Hentai
1392,Hentai
1393,Hentai
1394,Drama
1394,Girls Love
1394,Romance
1394,Erotica
1394,Hentai
1395,Romance
1395,Hentai
1397,Comedy
1397,Slice of Life
1398,Romance
1399,Boys Love
1399,Horror
1399,Erotica
1400,Action
1400,Sci-Fi
1400,Supernatural
1401,Boys Love
1401,Drama
1401,Romance
1401,Sci-Fi
1401,Erotica
1402,Drama
1402,Romance
1403,Action
1403,Comedy
1403,Slice of Life
1404,Horror
1406,Drama
1407,Drama
1407,Romance
1407,Slice of Life
1407,Supernatural
1408,null
1409,Action
1409,Horror
1409,Sci-Fi
1410,Drama
1410,Fantasy
1412,Drama
1412,Romance
1412,Supernatural
1413,Drama
1413,Fantasy
1414,Award Winning
1414,Comedy
1414,Drama
1415,Horror
1415,Mystery
1416,Drama
1416,Romance
1417,Comedy
1417,Drama
1417,Romance
1419,Drama
1419,Girls Love
1420,Action
1420,Adventure
1420,Fantasy
1422,Action
1422,Adventure
1422,Fantasy
1423,Action
1423,Adventure
1423,Fantasy
1423,Horror
1423,Supernatural
1424,Comedy
1424,Romance
1426,Action
1426,Comedy
1427,Drama
1427,Fantasy
1427,Romance
1427,Supernatural
1428,Action
1428,Comedy
1428,Sci-Fi
1429,Boys Love
1429,Erotica
1430,Romance
1431,Boys Love
1431,Erotica
1432,Comedy
1432,Drama
1432,Romance
1433,Boys Love
1433,Erotica
1434,Boys Love
1434,Comedy
1434,Drama
1434,Romance
1434,Erotica
1435,Boys Love
1435,Erotica
1436,Action
1436,Drama
1436,Fantasy
1436,Sci-Fi
1437,Action
1439,Boys Love
1439,Comedy
1439,Drama
1439,Supernatural
1439,Erotica
1440,Drama
1440,Slice of Life
1442,Action
1442,Drama
1442,Fantasy
1442,Sci-Fi
1442,Ecchi
1443,Romance
1444,Comedy
1444,Romance
1447,Boys Love
1447,Comedy
1447,Drama
1447,Girls Love
1447,Romance
1447,Ecchi
1448,Comedy
1448,Girls Love
1448,Romance
1449,Action
1449,Adventure
1449,Romance
1449,Ecchi
1450,Drama
1450,Horror
1450,Supernatural
1451,Adventure
1451,Drama
1451,Fantasy
1452,Drama
1452,Romance
1454,Action
1454,Adventure
1455,Action
1455,Sci-Fi
1455,Ecchi
1456,Action
1456,Drama
1456,Sci-Fi
1456,Supernatural
1457,Comedy
1457,Drama
1457,Fantasy
1457,Romance
1458,Adventure
1458,Comedy
1458,Romance
1458,Slice of Life
1458,Ecchi
1459,Drama
1460,Action
1460,Adventure
1460,Drama
1460,Fantasy
1460,Sci-Fi
1460,Supernatural
1461,Drama
1461,Suspense
1462,Mystery
1463,Boys Love
1463,Comedy
1463,Erotica
1464,Drama
1464,Fantasy
1464,Horror
1464,Mystery
1464,Supernatural
1465,Action
1465,Drama
1465,Horror
1465,Sci-Fi
1465,Supernatural
1466,Boys Love
1466,Drama
1466,Romance
1466,Erotica
1467,Drama
1467,Supernatural
1468,Adventure
1468,Boys Love
1468,Drama
1468,Fantasy
1468,Romance
1468,Erotica
1469,Drama
1469,Romance
1470,Action
1470,Adventure
1470,Drama
1471,Slice of Life
1472,Drama
1472,Romance
1473,Action
1473,Romance
1473,Sci-Fi
1473,Supernatural
1474,Action
1474,Adventure
1474,Drama
1474,Fantasy
1474,Horror
1474,Sci-Fi
1474,Supernatural
1475,Action
1475,Drama
1475,Horror
1475,Sci-Fi
1475,Supernatural
1475,Ecchi
1476,Drama
1476,Sci-Fi
1476,Slice of Life
1477,Drama
1477,Romance
1477,Slice of Life
1477,Supernatural
1478,Romance
1478,Slice of Life
1479,Action
1481,Adventure
1481,Fantasy
1481,Horror
1481,Supernatural
1482,Fantasy
1484,Boys Love
1484,Erotica
1485,Action
1485,Adventure
1485,Drama
1485,Sci-Fi
1487,Award Winning
1487,Drama
1487,Slice of Life
1488,Drama
1488,Romance
1488,Supernatural
1489,Action
1489,Adventure
1490,Drama
1490,Fantasy
1490,Romance
1493,Drama
1493,Romance
1493,Supernatural
1495,Action
1495,Fantasy
1495,Supernatural
1496,Drama
1496,Romance
1497,Romance
1498,Drama
1498,Romance
1499,Comedy
1499,Fantasy
1499,Romance
1500,Boys Love
1500,Erotica
1501,Comedy
1501,Drama
1501,Romance
1501,Ecchi
1503,Action
1503,Award Winning
1503,Drama
1503,Sci-Fi
1504,Fantasy
1505,Adventure
1505,Comedy
1505,Sci-Fi
1506,Award Winning
1506,Romance
1507,Boys Love
1507,Drama
1507,Romance
1507,Erotica
1508,Comedy
1508,Horror
1508,Mystery
1508,Romance
1509,Romance
1510,Comedy
1511,Comedy
1511,Sports
1512,Action
1512,Comedy
1512,Drama
1512,Mystery
1512,Romance
1514,Drama
1515,Sci-Fi
1517,Action
1517,Adventure
1517,Horror
1518,Boys Love
1518,Romance
1518,Erotica
1519,Boys Love
1519,Romance
1519,Erotica
1520,Boys Love
1520,Supernatural
1520,Erotica
1521,Comedy
1521,Romance
1521,Supernatural
1522,Boys Love
1522,Erotica
1523,Comedy
1523,Romance
1524,Romance
1526,Comedy
1526,Romance
1527,Romance
1528,Action
1528,Drama
1528,Sci-Fi
1528,Supernatural
1529,Romance
1530,Action
1530,Sci-Fi
1533,Action
1533,Adventure
1533,Drama
1533,Fantasy
1533,Romance
1534,Action
1534,Drama
1534,Romance
1534,Sci-Fi
1534,Supernatural
1535,Drama
1535,Sci-Fi
1536,Boys Love
1536,Drama
1536,Romance
1537,Boys Love
1537,Drama
1537,Romance
1537,Erotica
1538,Boys Love
1538,Comedy
1538,Romance
1538,Erotica
1539,Adventure
1539,Drama
1539,Romance
1539,Ecchi
1540,Comedy
1540,Fantasy
1540,Horror
1540,Romance
1540,Sci-Fi
1541,Drama
1541,Suspense
1542,Action
1543,Action
1543,Romance
1543,Supernatural
1544,Comedy
1544,Fantasy
1544,Supernatural
1545,Boys Love
1545,Erotica
1546,Action
1546,Adventure
1546,Drama
1546,Sci-Fi
1547,Action
1547,Supernatural
1548,Adventure
1548,Comedy
1548,Drama
1548,Fantasy
1548,Romance
1548,Supernatural
1549,Drama
1549,Sci-Fi
1550,Boys Love
1550,Slice of Life
1551,Action
1551,Adventure
1551,Drama
1551,Fantasy
1551,Horror
1554,Boys Love
1554,Erotica
1555,Comedy
1555,Horror
1557,Drama
1557,Girls Love
1558,Comedy
1558,Romance
1562,Action
1562,Adventure
1562,Sci-Fi
1563,Drama
1563,Romance
1564,Action
1564,Girls Love
1564,Sci-Fi
1564,Ecchi
1565,Boys Love
1565,Erotica
1566,Romance
1567,Award Winning
1567,Comedy
1567,Romance
1568,Drama
1568,Romance
1569,Boys Love
1569,Drama
1569,Erotica
1570,Action
1570,Adventure
1570,Comedy
1571,Boys Love
1571,Drama
1571,Mystery
1571,Supernatural
1571,Erotica
1572,null
1573,Comedy
1573,Drama
1573,Fantasy
1573,Romance
1574,Boys Love
1574,Erotica
1575,Action
1575,Boys Love
1575,Sci-Fi
1575,Supernatural
1575,Erotica
1578,Boys Love
1578,Drama
1578,Erotica
1579,Boys Love
1579,Erotica
1580,Boys Love
1580,Drama
1580,Romance
1580,Slice of Life
1581,Drama
1581,Fantasy
1582,Drama
1582,Romance
1583,Boys Love
1583,Erotica
1584,Action
1584,Boys Love
1584,Drama
1584,Romance
1584,Erotica
1585,Romance
1586,Comedy
1586,Fantasy
1586,Romance
1587,Romance
1588,null
1589,Drama
1589,Romance
1589,Slice of Life
1591,Adventure
1591,Comedy
1591,Fantasy
1591,Romance
1592,Action
1592,Sci-Fi
1593,Comedy
1593,Drama
1593,Sci-Fi
1593,Ecchi
1594,null
1595,Drama
1595,Slice of Life
1597,Boys Love
1597,Drama
1597,Romance
1597,Erotica
1598,Action
1598,Drama
1600,Award Winning
1600,Drama
1601,Action
1601,Horror
1601,Mystery
1602,Drama
1603,Comedy
1603,Drama
1603,Romance
1603,Ecchi
1604,Drama
1604,Fantasy
1605,Action
1605,Award Winning
1605,Fantasy
1606,Adventure
1607,Comedy
1607,Fantasy
1607,Romance
1608,Action
1608,Adventure
1608,Sci-Fi
1609,Action
1609,Drama
1610,Comedy
1610,Slice of Life
1611,Action
1611,Comedy
1611,Drama
1611,Mystery
1611,Romance
1612,Comedy
1612,Romance
1613,Drama
1613,Sci-Fi
1614,Supernatural
1615,Action
1615,Adventure
1615,Fantasy
1615,Supernatural
1616,Action
1616,Drama
1616,Romance
1617,Comedy
1617,Romance
1618,Adventure
1618,Fantasy
1619,Action
1619,Adventure
1619,Fantasy
1620,Adventure
1620,Fantasy
1620,Romance
1621,Adventure
1621,Fantasy
1622,Adventure
1622,Fantasy
1622,Romance
1623,Comedy
1623,Romance
1623,Supernatural
1624,Comedy
1624,Fantasy
1624,Romance
1625,Action
1625,Adventure
1625,Fantasy
1625,Sci-Fi
1626,Boys Love
1626,Romance
1626,Erotica
1627,Comedy
1627,Drama
1627,Fantasy
1627,Romance
1627,Slice of Life
1628,Comedy
1628,Fantasy
1629,Action
1630,Action
1630,Adventure
1631,Adventure
1631,Award Winning
1632,Fantasy
1632,Romance
1633,Romance
1634,Drama
1634,Romance
1635,Comedy
1635,Romance
1636,Comedy
1636,Drama
1636,Romance
1637,Drama
1637,Romance
1639,Action
1639,Adventure
1639,Sci-Fi
1640,Drama
1640,Romance
1640,Sports
1641,Adventure
1641,Comedy
1641,Fantasy
1642,Action
1642,Adventure
1642,Drama
1642,Fantasy
1643,Drama
1643,Slice of Life
1643,Supernatural
1644,Romance
1645,Comedy
1645,Romance
1646,Sci-Fi
1647,Boys Love
1647,Erotica
1648,Action
1648,Adventure
1648,Comedy
1648,Sci-Fi
1649,Drama
1650,null
1651,Romance
1651,Sports
1652,Action
1652,Comedy
1652,Supernatural
1653,Action
1653,Adventure
1653,Comedy
1653,Drama
1653,Fantasy
1653,Romance
1653,Supernatural
1654,Romance
1658,Action
1658,Adventure
1658,Drama
1658,Fantasy
1658,Horror
1659,Sci-Fi
1660,Drama
1660,Romance
1661,Drama
1661,Fantasy
1661,Romance
1662,Drama
1662,Romance
1663,Comedy
1663,Romance
1664,Comedy
1664,Sports
1665,Drama
1665,Fantasy
1665,Romance
1666,Romance
1667,Comedy
1667,Slice of Life
1667,Ecchi
1668,Drama
1669,Comedy
1669,Drama
1669,Romance
1669,Slice of Life
1670,Slice of Life
1671,Drama
1671,Romance
1672,Action
1672,Drama
1673,Action
1675,Comedy
1675,Drama
1675,Mystery
1676,Action
1676,Adventure
1676,Drama
1676,Fantasy
1676,Romance
1677,Drama
1678,Action
1678,Adventure
1678,Comedy
1679,Drama
1680,Comedy
1680,Romance
1680,Supernatural
1680,Ecchi
1682,Horror
1682,Mystery
1682,Supernatural
1682,Ecchi
1683,Action
1683,Drama
1684,Boys Love
1684,Drama
1684,Romance
1684,Erotica
1685,Boys Love
1685,Romance
1685,Erotica
1686,Action
1686,Boys Love
1686,Romance
1686,Erotica
1687,Comedy
1687,Romance
1687,Ecchi
1688,Sci-Fi
1689,Adventure
1689,Sci-Fi
1690,Slice of Life
1690,Supernatural
1691,Boys Love
1691,Erotica
1692,Boys Love
1692,Erotica
1693,Adventure
1694,Drama
1694,Romance
1694,Slice of Life
1695,Award Winning
1695,Drama
1696,Drama
1696,Sci-Fi
1698,Action
1698,Adventure
1698,Comedy
1698,Fantasy
1698,Ecchi
1699,Boys Love
1699,Romance
1699,Erotica
1700,Boys Love
1700,Romance
1700,Erotica
1702,Horror
1703,Comedy
1703,Sci-Fi
1705,Action
1705,Adventure
1705,Mystery
1705,Sci-Fi
1706,Action
1706,Adventure
1706,Mystery
1706,Supernatural
1707,Award Winning
1707,Fantasy
1707,Supernatural
1708,Drama
1708,Romance
1709,Adventure
1709,Fantasy
1709,Slice of Life
1709,Supernatural
1712,Comedy
1713,null
1714,Action
1714,Supernatural
1715,Horror
1715,Mystery
1715,Supernatural
1716,Action
1716,Comedy
1716,Mystery
1716,Romance
1716,Ecchi
1717,Comedy
1717,Romance
1717,Ecchi
1718,Fantasy
1718,Supernatural
1719,Boys Love
1719,Comedy
1719,Drama
1719,Romance
1719,Slice of Life
1719,Erotica
1720,Comedy
1720,Romance
1720,Supernatural
1721,Action
1721,Drama
1721,Fantasy
1721,Supernatural
1722,Comedy
1722,Ecchi
1723,Action
1723,Adventure
1723,Fantasy
1724,Drama
1724,Romance
1724,Supernatural
1726,Boys Love
1726,Drama
1726,Supernatural
1727,Action
1727,Adventure
1727,Drama
1727,Fantasy
1728,Comedy
1728,Fantasy
1728,Romance
1728,Ecchi
1729,Drama
1729,Romance
1729,Ecchi
1730,Comedy
1730,Sports
1730,Ecchi
1731,Fantasy
1731,Mystery
1731,Supernatural
1732,Action
1732,Comedy
1732,Romance
1732,Ecchi
1733,Mystery
1734,Action
1734,Boys Love
1734,Horror
1734,Mystery
1734,Supernatural
1735,Comedy
1736,Drama
1736,Sci-Fi
1737,Drama
1737,Romance
1737,Slice of Life
1738,Drama
1738,Romance
1739,Drama
1740,Comedy
1740,Romance
1741,Action
1741,Comedy
1742,Romance
1743,Adventure
1743,Sci-Fi
1744,Comedy
1744,Slice of Life
1744,Ecchi
1745,Action
1745,Comedy
1745,Romance
1745,Supernatural
1745,Ecchi
1746,Horror
1746,Supernatural
1747,Comedy
1748,Comedy
1748,Romance
1748,Supernatural
1749,null
1750,Action
1750,Adventure
1750,Fantasy
1751,Romance
1752,Comedy
1753,Drama
1753,Romance
1754,Action
1755,Romance
1756,Action
1756,Adventure
1756,Fantasy
1757,Comedy
1757,Drama
1757,Romance
1759,Boys Love
1759,Drama
1759,Romance
1759,Erotica
1760,Boys Love
1760,Drama
1760,Romance
1760,Erotica
1763,Action
1763,Comedy
1763,Fantasy
1763,Sci-Fi
1763,Supernatural
1764,Fantasy
1765,Adventure
1766,Drama
1766,Fantasy
1766,Romance
1767,Hentai
1768,Gourmet
1768,Romance
1769,Comedy
1769,Slice of Life
1770,Boys Love
1770,Drama
1770,Erotica
1771,Adventure
1771,Drama
1772,Adventure
1773,Action
1773,Comedy
1773,Gourmet
1774,Comedy
1774,Fantasy
1775,Romance
1778,Drama
1778,Supernatural
1779,Comedy
1780,Adventure
1780,Fantasy
1780,Ecchi
1781,Drama
1781,Romance
1782,Drama
1782,Romance
1783,Boys Love
1783,Erotica
1784,Drama
1784,Girls Love
1785,Comedy
1785,Slice of Life
1786,Action
1786,Adventure
1788,Comedy
1788,Fantasy
1788,Romance
1788,Ecchi
1789,Action
1789,Sports
1790,Sports
1791,Drama
1791,Sports
1792,Drama
1792,Sports
1794,Comedy
1794,Romance
1795,Romance
1796,Drama
1796,Horror
1797,Boys Love
1797,Romance
1797,Erotica
1798,Fantasy
1798,Romance
1799,Supernatural
1800,Action
1800,Adventure
1800,Fantasy
1800,Sci-Fi
1801,Drama
1801,Romance
1801,Supernatural
1802,Drama
1802,Romance
1803,Horror
1803,Supernatural
1804,Adventure
1804,Comedy
1804,Romance
1808,Comedy
1809,Comedy
1809,Drama
1809,Romance
1810,Romance
1814,Comedy
1814,Romance
1815,Romance
1818,Action
1818,Sci-Fi
1819,Adventure
1819,Fantasy
1820,null
1822,Drama
1822,Romance
1823,Action
1823,Adventure
1823,Comedy
1823,Fantasy
1825,Comedy
1825,Supernatural
1826,Comedy
1826,Romance
1827,Action
1827,Adventure
1827,Drama
1827,Fantasy
1828,null
1829,Drama
1829,Mystery
1830,Comedy
1830,Fantasy
1830,Romance
1831,null
1832,Comedy
1832,Romance
1832,Slice of Life
1833,Horror
1833,Romance
1833,Supernatural
1834,Comedy
1834,Drama
1834,Romance
1836,Boys Love
1836,Erotica
1838,Comedy
1838,Romance
1841,null
1842,Drama
1842,Horror
1842,Supernatural
1843,Action
1843,Adventure
1843,Boys Love
1843,Comedy
1843,Erotica
1844,Boys Love
1844,Erotica
1845,Boys Love
1845,Erotica
1846,Action
1846,Drama
1846,Fantasy
1847,Romance
1848,Drama
1850,Action
1850,Supernatural
1850,Ecchi
1851,Action
1851,Drama
1851,Supernatural
1852,Drama
1852,Horror
1852,Mystery
1852,Romance
1853,Action
1853,Comedy
1853,Fantasy
1854,Action
1854,Comedy
1854,Supernatural
1855,Romance
1856,Romance
1857,Action
1859,Drama
1859,Supernatural
1860,Drama
1860,Fantasy
1863,Boys Love
1865,Boys Love
1865,Comedy
1865,Romance
1865,Erotica
1866,Comedy
1866,Romance
1867,Drama
1867,Mystery
1868,Drama
1868,Fantasy
1868,Romance
1869,Action
1869,Adventure
1869,Award Winning
1870,Comedy
1870,Romance
1871,Romance
1873,null
1874,Drama
1874,Romance
1875,Romance
1876,Drama
1876,Slice of Life
1877,Comedy
1877,Drama
1877,Girls Love
1877,Romance
1877,Ecchi
1877,Erotica
1877,Hentai
1878,Action
1878,Fantasy
1878,Horror
1879,Drama
1879,Romance
1879,Sports
1883,Comedy
1883,Romance
1884,Romance
1885,Romance
1888,Comedy
1888,Romance
1889,Romance
1890,Fantasy
1891,Comedy
1891,Fantasy
1891,Romance
1891,Supernatural
1892,Drama
1892,Fantasy
1893,Drama
1893,Fantasy
1893,Horror
1893,Supernatural
1894,Action
1894,Adventure
1894,Comedy
1894,Romance
1895,Drama
1895,Romance
1896,Drama
1896,Romance
1897,Comedy
1897,Romance
1897,Sports
1898,null
1899,Action
1899,Horror
1899,Sci-Fi
1899,Ecchi
1900,Action
1900,Adventure
1900,Supernatural
1901,Action
1901,Adventure
1901,Slice of Life
1902,Adventure
1902,Fantasy
1904,Drama
1904,Romance
1904,Slice of Life
1905,Comedy
1905,Fantasy
1905,Romance
1905,Sci-Fi
1905,Ecchi
1907,Action
1907,Drama
1907,Romance
1907,Ecchi
1908,Comedy
1908,Romance
1908,Ecchi
1909,Drama
1909,Horror
1909,Mystery
1910,Action
1910,Adventure
1910,Comedy
1910,Ecchi
1911,Comedy
1911,Romance
1912,Drama
1912,Romance
1913,null
1914,Comedy
1914,Romance
1915,Romance
1916,Action
1916,Adventure
1916,Fantasy
1918,Action
1920,Boys Love
1920,Romance
1920,Erotica
1922,Fantasy
1923,Action
1923,Supernatural
1923,Ecchi
1924,Comedy
1924,Romance
1924,Ecchi
1925,Action
1925,Comedy
1925,Mystery
1925,Supernatural
1926,Romance
1926,Ecchi
1927,Adventure
1927,Boys Love
1927,Comedy
1927,Drama
1927,Slice of Life
1927,Supernatural
1928,Drama
1928,Romance
1929,Action
1929,Drama
1929,Mystery
1931,Romance
1932,Action
1932,Comedy
1932,Drama
1932,Mystery
1932,Romance
1933,Action
1934,Fantasy
1935,Drama
1935,Sci-Fi
1936,Action
1936,Adventure
1936,Sci-Fi
1937,Boys Love
1937,Erotica
1938,Sci-Fi
1939,Sci-Fi
1940,Boys Love
1940,Erotica
1941,Sci-Fi
1942,Boys Love
1942,Erotica
1943,Boys Love
1943,Erotica
1944,Boys Love
1944,Drama
1944,Erotica
1945,Boys Love
1945,Drama
1945,Erotica
1946,Boys Love
1946,Drama
1946,Romance
1946,Erotica
1947,Boys Love
1948,Boys Love
1948,Romance
1948,Supernatural
1948,Erotica
1949,Boys Love
1950,Boys Love
1951,Adventure
1951,Boys Love
1951,Fantasy
1951,Romance
1951,Supernatural
1952,Boys Love
1952,Fantasy
1953,Boys Love
1953,Erotica
1954,Boys Love
1954,Erotica
1955,Boys Love
1955,Erotica
1956,Boys Love
1956,Erotica
1957,Boys Love
1957,Erotica
1958,Boys Love
1958,Romance
1958,Erotica
1959,Boys Love
1959,Erotica
1960,Boys Love
1960,Erotica
1961,Boys Love
1961,Romance
1961,Erotica
1962,Action
1962,Drama
1962,Horror
1962,Mystery
1962,Sci-Fi
1962,Supernatural
1963,Boys Love
1963,Drama
1963,Erotica
1964,Boys Love
1964,Comedy
1964,Erotica
1965,Boys Love
1965,Erotica
1966,Boys Love
1966,Comedy
1966,Drama
1966,Erotica
1967,Action
1967,Boys Love
1967,Sci-Fi
1967,Erotica
1969,Boys Love
1969,Drama
1971,Boys Love
1971,Erotica
1972,Boys Love
1972,Erotica
1973,Boys Love
1973,Erotica
1975,Drama
1978,Comedy
1978,Drama
1978,Romance
1979,Drama
1979,Mystery
1979,Supernatural
1980,Boys Love
1981,Boys Love
1982,Boys Love
1982,Fantasy
1982,Romance
1982,Supernatural
1984,Adventure
1984,Comedy
1984,Fantasy
1984,Supernatural
1985,Action
1985,Boys Love
1985,Drama
1985,Erotica
1986,Boys Love
1986,Supernatural
1986,Erotica
1987,Boys Love
1987,Erotica
1988,Boys Love
1988,Comedy
1988,Erotica
1989,Boys Love
1989,Erotica
1990,Boys Love
1991,Boys Love
1991,Erotica
1992,Boys Love
1992,Erotica
1993,Boys Love
1993,Comedy
1993,Erotica
1994,Boys Love
1994,Comedy
1994,Erotica
1995,Boys Love
1995,Erotica
1996,Boys Love
1996,Comedy
1996,Supernatural
1996,Erotica
1997,Boys Love
1997,Comedy
1997,Erotica
1998,Boys Love
1998,Erotica
1999,Boys Love
1999,Drama
1999,Erotica
2000,Boys Love
2000,Erotica
2001,Boys Love
2001,Erotica
2002,Boys Love
2002,Fantasy
2002,Erotica
2003,Boys Love
2003,Fantasy
2003,Erotica
2004,Boys Love
2004,Fantasy
2004,Erotica
2005,Boys Love
2005,Romance
2005,Erotica
2006,Boys Love
2006,Erotica
2007,Boys Love
2007,Erotica
2008,Boys Love
2008,Comedy
2008,Erotica
2009,Boys Love
2009,Romance
2009,Erotica
2010,Boys Love
2010,Erotica
2011,Boys Love
2011,Erotica
2012,Boys Love
2012,Erotica
2013,Boys Love
2013,Erotica
2014,Boys Love
2014,Erotica
2015,Boys Love
2015,Erotica
2016,Boys Love
2016,Sci-Fi
2017,Boys Love
2017,Erotica
2018,Boys Love
2018,Erotica
2019,Boys Love
2020,Boys Love
2020,Erotica
2021,Boys Love
2021,Erotica
